Date,Day,Slot,Cohort Name,Exclusion,Title,Content
03/02/2026,Tue,,Kora_clinic_Feb'26,,"Stress-free vet visit, just a click away",Drop by Supertails+ Clinic for {{your pets}}'s FREE consultation. Stress-free way is {{pet}}'s way.💜
03/02/2026,Tue,,Brook_clinic_Feb'26,,"Clinic visits, made stress-free! 💜",Fear-free certified vets await {{your pet}} at Supertails+ Clinic. Get a FREE consultation today.🏥
03/02/2026,Tue,,Bnght_clinic_Feb'26,,Stress-free care on repeat!💜,{{Your pet}} deserves calm & stress-free care. Drop by Supertails+ Clinic for a FREE consult.🏥
03/02/2026,Tue,,Bana_clinic_Feb'26,,{{pet}}'s vet visits have been stressful?,Experience stress-free vet consultation for FREE at Supertails+ Clinic. Visit today.🩺
03/02/2026,Tue,,Vaccinedue_N2B_clinic_Feb'26,,Protection: 1st step to stress-free care💉,"{{pet parent}}, get {{your pet}} vaccinated in a stress-free way. Drop by Supertails+ Clinic & get 50% OFF.📢"
03/02/2026,Tue,,Repeat_clinic_Feb'26,,"Consistent care for {{pet}}, always📢",Drop by Supertails+ Clinic to get ₹500 off your bill. Stress-free & calm care awaits {{your pet}}.💜
03/02/2026,Tue,,Birthday_clinic_Feb'26,,"Extra glow on {{pet}}'s B'day, fur-real✨",We pawmise to keep {{pet}}'s grooming sesh stress-free & fun. Visit Supertails+ Clinic & get 50% OFF grooming.🏥
04/02/2026,Wed,,Kora_clinic_Feb'26,,Did you know clinics can feel calm?💜,{{your pet}} deserves stress-free care. Visit Supertails+ Clinic & enjoy ₹500 OFF your bill.
04/02/2026,Wed,,Brook_clinic_Feb'26,,No floof likes the added stress 🏥,"Calm care is totally possible. Visit Supertails+ Clinic & get ₹500 OFF on bills, today. 💜"
04/02/2026,Wed,,Bnght_clinic_Feb'26,,"{{pet}}: I need care, minus stress💜",Stress-free vet consultation is waiting at Supertails+ Clinic. Drop by for {{your pet}}'s FREE vet consult. 🏥
04/02/2026,Wed,,Bana_clinic_Feb'26,,"New month, stress-free care🏥","Upgrade {{your pet}}'s clinic experience to stress-free, calm care. Get ₹500 OFF on your bills @Supertails+ Clinic.💜"
04/02/2026,Wed,,Vaccinedue_N2B_clinic_Feb'26,,"Hey, {{your pet}}'s vaccination pending?💉",Drop by Supertails+ Clinic & get {{your pet}} vaccinated at 50% OFF. Savings & protection together.💜
04/02/2026,Wed,,Repeat_clinic_Feb'26,,Does {{your pet}}'s diet fit well?🤔,Get a guided diet plan with skin & coat check for FREE. Only at Supertails+ Clinic.💜
04/02/2026,Wed,,VaccineDue_Repeat_clinic_Feb'26,,Keep up with {{your pet}}'s vaccination💉,Continue {{your pet}}'s vaccination shots without a miss. Drop by Supertails+ Clinic & get 20% OFF.💜
05/02/2026,Thu,,Kora_clinic_Feb'26,,A happier clinic visit awaits 🐾,"Gentle vets, calm spaces & stress-free care await. Plus a FREE consultation for {{pet}}. Visit today.🩺"
05/02/2026,Thu,,Brook_clinic_Feb'26,,{{Your pet}}'s first vet visit matters💜,"So, start with stress-free care at Supertails+ Clinic. Drop by today & get {{your pet}}'s first consultation for free.🩺"
05/02/2026,Thu,,Bnght_clinic_Feb'26,,"Stressful vet visit, always?🩺",Switch to stress-free vet consultation for FREE. Only at Supertails+ Clinic. Visit today.
05/02/2026,Thu,,Bana_clinic_Feb'26,,Care {{your pet}} feels stress-free about,"Gentle care, Fear-free certified vets, & ₹500 OFF on bills. Only at Supertails+ Clinic.💜"
05/02/2026,Thu,,Vaccinedue_N2B_clinic_Feb'26,,Protection💉+ Savings💸,Begin {{your pet}'s vaccination journey with comfort & stress-free care. Save 50% on 1st time vaccination.🩺
05/02/2026,Thu,,Repeat_clinic_Feb'26,,"Prevent now, worry less💜",Get a FREE diet plan with skin & coat check for {{your pet}}. Only at Supertails+ Clinic.💜
05/02/2026,Thu,,Birthday_clinic_Feb'26,,"B'day glow-up, fur-real🎀",Celebrate {{your pet}}’s big day with stress-free grooming at 50% OFF. Drop by Supertails+ Clinic today.💜
06/02/2026,Fri,,Kora_clinic_Feb'26,,"{{pet parent}}, this one’s for you💜",Try stress-free care at Supertails+ Clinic now. Get ₹500 OFF on bills.🏥
06/02/2026,Fri,,Brook_clinic_Feb'26,,"{{pet}}: No stress, only calm care💜",We heard that. Drop by Supertails+ Clinic for {{your pet}'s first free consultation. 🩺
06/02/2026,Fri,,Bnght_clinic_Feb'26,,Clinics don't have to be scary🎀,Choose calmer care for {{your pet}} and enjoy ₹500 OFF your bill. Only at Supertails+ Clinic.💜
06/02/2026,Fri,,Bana_clinic_Feb'26,,It's time for {{your pet}}'s stress-free care,"Experience stress-free vet consultation at Supertails+ Clinic, for FREE. 💜"
06/02/2026,Fri,,Vaccinedue_N2B_clinic_Feb'26,,Protection starts with vaccine💉,Start {{your pet}}'s protection on time. Get 50% off on their first vaccination. Only at Supertails+ Clinic.💜
06/02/2026,Fri,,Repeat_clinic_Feb'26,,"Hey, {{your pet}}'s health shows on fur✨",Start with a quality diet plan + skin & coat check for FREE. Stress-free care awaits at Supertails+ Clinic.💜
06/02/2026,Fri,,VaccineDue_Repeat_clinic_Feb'26,,"Protection, made consistent💉",Timely vaccination for {{your pet}} can prevent health risks. Get 20% off at Supertails+ Clinic.💜
07/02/2026,Sat,,Kora_clinic_Feb'26,,"What {{your pet}} feels, matters the most",Choose stress-free care for {{your pet}} & get ₹500 off on your clinic bills.🐾
07/02/2026,Sat,,Brook_clinic_Feb'26,,"Not your usual vet clinic, pawmise!💜","Gentle care, stress-free visits, with FREE vet consultation. Only at Supertails+ Clinic.💜"
07/02/2026,Sat,,Bnght_clinic_Feb'26,,Cause {{your pet}} deserves ease🐾,"Give {{your pet}} a calm, stress-free care at Supertails+ Clinic. Drop by & get a FREE consultation.🩺"
07/02/2026,Sat,,Bana_clinic_Feb'26,,Start care on a stress-free note💜,Thoughtful vet support for {{your pet}} comes with a FREE vet consultation. Drop by Supertails+ Clinic today.🩺
07/02/2026,Sat,,Vaccinedue_N2B_clinic_Feb'26,,First vaccines feel scary💉,"We make it gentle and stress-free for {{your pet}}, at Supertails+ Clinic. Get 20% OFF today.🩺"
07/02/2026,Sat,,Repeat_clinic_Feb'26,,Wellness isn't treatment🐾,A preventive check-up is essential for {{your pet}}'s health. Get FREE diet plan with skin & coat check @Supertails+ Clinic.💜
07/02/2026,Sat,,Birthday_clinic_Feb'26,,B'day pampering unlocked!🎀,Make {{your pet}}'s big day extra special with stress-free grooming + 50% off for you. Drop by @Supertails+ Clinic.💜
08/02/2026,Sun,,Kora_clinic_Feb'26,,"{{pet}}: Clinic visits, but make it chill🐾","{{your pet}} deserves care, minus the stress. Swing by Supertails+ Koramangala & get ₹500 OFF on your bill.🩺"
08/02/2026,Sun,,Brook_clinic_Feb'26,,Not your avg vet clinic🎀,"Shorter waits, gentle care, healthy paws stars. Bring {{your pet}} in & enjoy ₹500 OFF on your bills.🏥"
08/02/2026,Sun,,Bnght_clinic_Feb'26,,"Max tail wags, zero stress💜",Vet visits for {{your pet}} are made stress-free at Supertails+ Bannerghatta. Get a FREE vet consultation today.🩺
08/02/2026,Sun,,Bana_clinic_Feb'26,,When clinic feels like play zone🐾,"A clinic that gets {{your pet}}, treats them with familiarity. Drop by at Supertails+ Banashankari for a FREE consult.🩺"
08/02/2026,Sun,,Vaccinedue_N2B_clinic_Feb'26,,{{Your pet}}'s safety is our priority💉,Drop by Supertails+ Clinic for {{your pet}}'s first vaccination at 50% OFF.💜
08/02/2026,Sun,,Repeat_clinic_Feb'26,,Glow starts from the bowl ✨,Wondering if {{pet}}’s diet fits? Get a FREE diet plan & skin-coat check this visit.💜
08/02/2026,Sun,,VaccineDue_Repeat_clinic_Feb'26,,Staying consistent with protection💉,"You’re doing great, {{pet parent}}. Continue {{pet}}'s vaccination with 20% OFF.💜"
09/02/2026,Mon,,Kora_clinic_Feb'26,,Vet visits made stress-free,Drop by Supertails+ Clinic & get {{your pet}}'s first consultation for FREE. Fear-free certified vets awaiting your.
09/02/2026,Mon,,Brook_clinic_Feb'26,,{{pet}}: Fear-free certified vets only!,We heard {{your pet}} & we are ready. Visit Supertails+ clinic for a FREE vet consultation. 
09/02/2026,Mon,,Bnght_clinic_Feb'26,,"New clinic, stress-free check-up!",Supetails+ Clinic is now closer to you. Visit soon for {{your pet}}'s first FREE consultation.
09/02/2026,Mon,,Bana_clinic_Feb'26,,Old vibes = calm treatment,Your Supertails+ Clinic has it all. Subscribe to stress-free care with a first FREE check-up. {{Your pet}} doesn't like waiting! 
09/02/2026,Mon,,Vaccinedue_N2B_clinic_Feb'26,,One missed vaccine shot = health risk📈,"{{Pet parent}}, let {{your pet}} experience a stress-free way to get vaccinated. Visit Supertails+ Clinic for 50% OFF 1st vaccination."
09/02/2026,Mon,,Repeat_clinic_Feb'26,,"{{pet}}: NGL, I loved it last time!",Drop by Supertails+ Clinic again for a FREE diet plan and skin check-up. Continue with {{your pet's}}'s stress-free care.
09/02/2026,Mon,,Birthday_clinic_Feb'26,,It's {{your pet}}'s day!,Gift them with a grooming sesh + stress-free & chill vibes only at Supertails+ Clinic. Get 50% OFF!
10/02/2026,Tue,,Kora_clinic_Feb'26,,"Stress-free clinic, zero stress🏥",It's time to experience a calm and gentle vet consultation for {{your pet}}. Drop by Supertails+ Clinic for 1st FREE consult.🩺
10/02/2026,Tue,,Brook_clinic_Feb'26,,{{Your pet}}'s looking out for zero stress💜,"Supertails+ Clinic has it all. Drop by for {{your pet}}'s 1st free consultation, in a stress-free way.🏥
"
10/02/2026,Tue,,Bnght_clinic_Feb'26,,"Love & care, minus stress?💜",Absolutely! Drop by Supertails+ Clinic for {{your pet}}'s 1st FREE vet consultation. Only calm care.🩺
10/02/2026,Tue,,Bana_clinic_Feb'26,,"Vet consult, zero stress!💜",Only at Supertails+ Clinic. Drop by with {{your pet}} for the first FREE vet consultation.🩺
10/02/2026,Tue,,Vaccinedue_N2B_clinic_Feb'26,,Vaccinate {{your pet}} on time!💉,Drop by Supertails+ Clinic and get {{your pet}} vaccinated at 50% OFF.🩺
10/02/2026,Tue,,Repeat_clinic_Feb'26,,{{pet}}: I love calm care!🩺,"{{pet parent}}, they loved it once & it's time to visit again. Drop by for a FREE die plan + skin check up.🏥
"
10/02/2026,Tue,,VaccineDue_Repeat_clinic_Feb'26,,{{Your pet}}'s vaccination next?💉,Supertails+ Clinic makes it stress-free + savings for you. Drop by & get 20% OFF.💜
11/02/2026,Wed,Morning,N2B- SUPERCASH500,,A reward for showing up💜,Start {{your pet}}’s care journey with ₹500 off on your clinic bills. Drop by today.
11/02/2026,Wed,Morning,N2B-First Consult Free,,{{your pet}}'s 1st vet consult is on us💜,Bring {{your pet}} in for a first stress-free consult at Supertails+ Clinic for FREE.
11/02/2026,Wed,Morning,Repeat_clinic_Feb'26,,Fur tells the truth ✨,Get a free diet plan plus skin and coat check for {{pet}} on your next visit at Supertails+ Clinic.
11/02/2026,Wed,Morning,Birthday_clinic_Feb'26,,Spa day for the birthday star ✨,Stress-free grooming for {{your pet}} with 50% OFF. Celebrate at Supertails+ Clinic.
11/02/2026,Wed,Evening,N2B- SUPERCASH500,,"Stress-free care, low stress on pocket too.",Visit Supertails+ Clinic with {{your pet}} and unlock ₹500 off on clinic bills.
11/02/2026,Wed,Evening,N2B-First Consult Free,,Got a doubt about {{pet}}? 👀,"Start with a free first consult at Supertails+ Clinic. Calm care, no worries."
11/02/2026,Wed,Evening,Repeat_clinic_Feb'26,,Food check for {{your pet}}? 🍲,"Free diet plan + skin and coat check at Supertails+ Clinic. Preventive care, made easy."
11/02/2026,Wed,Evening,Birthday_clinic_Feb'26,,Make {{pet}}’s big day extra cute.,Unlock {{your pet}}'s B'day glow-up at Supertails+ Clinic. Get 50% OFF grooming on their special day.
12/02/2026,Thu,Morning,N2B- SUPERCASH500,,"{{pet parent}}, don’t miss your reward 🎁",{{Your pet}}'s first Supertails+ Clinic visit comes with ₹500 off. Stress-free care starts here.
12/02/2026,Thu,Morning,N2B-First Consult Free,,1st vet visit? Start stress-free 🐶🐱,Try Supertails+ Clinic with a free first consult. Our Fear-free certified vets will guide you in every step..
12/02/2026,Thu,Morning,Repeat_clinic_Feb'26,,{{Your pet}}'s meal wont suffice,"Get a diet plan and skin-coat check for free, to stay ahead of flare-ups. Visit Supertails+ Clinic today."
12/02/2026,Thu,Morning,Vaccinedue_N2B_clinic_Feb'26,,"First vaccine, gentler start 💉",Protect {{your pet}} with calm care and 50% OFF on the first vaccination at Supertails+ Clinic.
13/02/2026,Fri,Morning,N2B- SUPERCASH500,,"Stress-free, just like that 👀","Visit Supertails+ Clinic for {{your pet}}'s stress-free care, and unlock ₹500 off on clinic bills."
13/02/2026,Fri,Morning,N2B-First Consult Free,,"Don’t Google it, ask a vet instantly🏥","Bring {{your pet}} in for a free first consultation at Supertails+ Clinic. Calm & guided care, real answers.
"
13/02/2026,Fri,Morning,Repeat_clinic_Feb'26,,Is {{pet}}’s diet actually right? 🍲,Let’s find out. Get a FREE diet plan + skin and coat check for {{your pet}} on your visit to Supertails+ Clinic.
13/02/2026,Fri,Morning,Vaccinedue_N2B_clinic_Feb'26,,Vaccinate {{your pet}} on time!💉,Protect {{your pet}} early. Get 50% OFF on the first vaccination at Supertails+ Clinic.
13/02/2026,Fri,Evening,N2B- SUPERCASH500,,Your first visit gets rewarded 🐾,Start {{your pet}}'s stress-free care at Supertails+ Clinic and save ₹500 on clinic bills. Visit today!
13/02/2026,Fri,Evening,N2B-First Consult Free,,Your sign to book that vet visit 👀,Get gentle vets who follow {{your pet}}'s pace. Grab a first consultation at Supertails+ Clinic for FREE. 
13/02/2026,Fri,Evening,Repeat_clinic_Feb'26,,Preventive care starts from within🐾,"Get a free diet plan plus skin and coat check at Supertails+ Clinic. Small step, big impact."
13/02/2026,Fri,Evening,Vaccinedue_N2B_clinic_Feb'26,,Vaccines due? Get it today👀,First vaccination comes with 50% OFF. Drop by with {{your pet}} at Supertails+ Clinic.
14/02/2026,Sat,Morning,N2B- SUPERCASH500,,A little bonus for {{pet parent}},Bring {{pet}} in and save ₹500 on clinic bills. Supertails+ Clinic perks hit different.
14/02/2026,Sat,Morning,N2B-First Consult Free,,Stress-free clinic hits different!,"Bring {{your pet}} in for a first stress-free consult at Supertails+ Clinic for FREE. Calm care, real answers."
14/02/2026,Sat,Morning,Repeat_clinic_Feb'26,,"Check, check...shine lost?","Get a free diet plan + skin and coat check at Supertails+ Clinic. Small step, big impact."
14/02/2026,Sat,Morning,Birthday_clinic_Feb'26,,Cutest birthday tradition? 🛁,A calm grooming sesh for {{your pet}} awaits with 50% OFF. Visit Supertails+ Clinic today.
15/02/2026,Sun,Morning,N2B- SUPERCASH500,,Super pawrent deserves Super Savings,Visit Supertails+ Clinic with {{your pet}} and unlock ₹500 off on stress-free care.
15/02/2026,Sun,Morning,N2B-First Consult Free,,"Start smart, start stress-free",Try Supertails+ Clinic with a first FREE consult for {{your pet}}. Subscribe to comfort-first care.
15/02/2026,Sun,Morning,Repeat_clinic_Feb'26,,Diet + coat = wellness combo,Stay ahead with a free diet plan and skin-coat check at Supertails+ Clinic. Drop by with {{your pet}} today.
15/02/2026,Sun,Morning,Vaccinedue_N2B_clinic_Feb'26,,A gentle start to protection 💉,Protect {{your pet}} early with calm vets and 50% OFF on the first vaccination. Drop by today!
16/02/2026,Mon,,Kora_clinic_Feb'26,,{{your pet}} needs calm & gentle care,Let {{your pet}} experience it all at your nearest Supertails+ Clinic. Drop by & get first consultation for FREE.
16/02/2026,Mon,,Brook_clinic_Feb'26,,"This is your sign, {{pet parent}} 🐾","Skip the chaos, not the savings. Visit Supertails+ Clinic with {{your pet}} & get ₹500 OFF on clinic bills."
16/02/2026,Mon,,Bnght_clinic_Feb'26,,Vet visits without the panic? ,Absolutely! Bring {{your pet}} to Supertails+ Clinic and get ₹500 OFF your bill.
16/02/2026,Mon,,Bana_clinic_Feb'26,,Not all clinic fells the same,It's time to try the stress-free one. Visit Supertails+ Clinic for {{your pet}}'s first free vet consultation.
16/02/2026,Mon,,Vaccinedue_N2B_clinic_Feb'26,,First vaccine comes with big savings,Start {{your pet}}'s vaccination at Supertails+ Clinic & get 50% OFF. Visit today.
16/02/2026,Mon,,Repeat_clinic_Feb'26,,{{pet}}: I need my shine back,Proper diet leads to pawfect shine! Get a free diet plan plus skin & coat check for {{pet}} at Supertails+ Clinic.
16/02/2026,Mon,,VaccineDue_Repeat_clinic_Feb'26,,Vaccine due? Don’t push it 💉,Keep {{pet}}'s vaccination on track & protect them always. Get 20% OFF vaccinations at Supertails+ Clinic.
17/02/2026,Tue,,Kora_clinic_Feb'26,,A clinic {{your pet}} won’t hate 💜,"Experience gentle handling, calm spaces, plus ₹500 OFF on your Supertails+ Clinic visit. Drop by with {{your pet}} today."
17/02/2026,Tue,,Brook_clinic_Feb'26,,Vet visit without the panic?,Absolutely! Bring {{your pet}} to Supertails+ Clinic and get ₹500 OFF your bill.
17/02/2026,Tue,,Bnght_clinic_Feb'26,,If {{pet}} could choose… 🐶🐱,They’d pick gentle & stress-free care. Visit Supertails+ Clinic for a zero stress care & get ₹500 OFF.
17/02/2026,Tue,,Bana_clinic_Feb'26,,Calm care. Real answers. 🩺,Book a stress-free clinic visit for {{pet}} and grab ₹500 OFF at Supertails+ Clinic.
17/02/2026,Tue,,Vaccinedue_N2B_clinic_Feb'26,,First vaccine comes with savings,Start protection early for {{your pet}}. Get 50% OFF the first vaccination at Supertails+ Clinic.
17/02/2026,Tue,,Repeat_clinic_Feb'26,,A quick wellness tune-up 🐾,Get a free diet plan plus skin & coat check for {{pet}} at Supertails+ Clinic. Visit today.
17/02/2026,Tue,,Birthday_clinic_Feb'26,,Your pet’s birthday = spa day ✨,Celebrate with 50% OFF grooming at your nearest Supertails+ Clinic. Cute is guaranteed 😌
18/02/2026,Wed,,Kora_clinic_Feb'26,,Stress-free care day for {{pet}}? 🐾,Bring it on! Supertails+ Clinic await {{your pet}} for calm and first FREE consultation. So when are you visiting?
18/02/2026,Wed,,Brook_clinic_Feb'26,,"A clinic visit, minus the chaos🐾",Bring {{your pet}} in for gentle & stress-free care at Supertails+ Clinic. Get ₹500 OFF your bill.
18/02/2026,Wed,,Bnght_clinic_Feb'26,,{{Your pet}} deserves better care💜,Switch to comfort-first vet visits for {{your pet}}. Save ₹500 on clinic bills at Supertails+ Clinic only.
18/02/2026,Wed,,Bana_clinic_Feb'26,,Zero stress vet visits only!,Fear-free certified vets await {{your pet}} at Supertails+ Clinic. Get a 1st FREE consultation today.🏥
18/02/2026,Wed,,Vaccinedue_N2B_clinic_Feb'26,,First vaccine? We'll make it stress-free💉,Gentle care for {{pet}} and 50% OFF on the first vaccination at Supertails+ Clinic.
18/02/2026,Wed,,Repeat_clinic_Feb'26,,Food + fur = health 👀,Get a free diet plan and skin-coat check for {{your pet}} at Supertails+ Clinic. Visit today.
18/02/2026,Wed,,VaccineDue_Repeat_clinic_Feb'26,,Vaccine due? Sorted💉,Stay on schedule for {{pet}} with 20% OFF vaccinations at Supertails+ Clinic.
19/02/2026,Thu,,Kora_clinic_Feb'26,,If {{pet}} could review clinics… 👀,They’d pick the calm one. Visit Supertails+ Clinic and get ₹500 OFF.
19/02/2026,Thu,,Brook_clinic_Feb'26,,Stress-free care is real 🩺,"Gentle handling, shorter waits, plus ₹500 OFF when you visit with {{your pet}}, only at Supertails+ Clinic."
19/02/2026,Thu,,Bnght_clinic_Feb'26,,Where comfort comes first 🐶🐱,"Bring {{pet}} in for gentle care and get ₹500 OFF your clinic bill, only at Supertails+ Clinic."
19/02/2026,Thu,,Bana_clinic_Feb'26,,Your sign to book a stress-free vet visit,"Try Supertails+ Clinic with ₹500 OFF. Real, stress-free care, zero drama."
19/02/2026,Thu,,Vaccinedue_N2B_clinic_Feb'26,,"One small jab, big protection💉",Protect {{your pet}} early. Get 50% OFF their first vaccination at the Supertails+ Clinic.
19/02/2026,Thu,,Repeat_clinic_Feb'26,,"{{pet}}: one check fur-real, please...",Free diet plan plus skin and coat check awaits {{pet}} at Supertails+ Clinic only. Drop by today.
19/02/2026,Thu,,Birthday_clinic_Feb'26,,{{pet}}'s B'day glow-up + savings🎉,Make it special with stress-free grooming at 50% OFF at your nearest Supertails+ Clinic only. Visit today.
20/02/2026,Fri,,Kora_clinic_Feb'26,,"Less panic, more progress🩺",Sign up for Fear-Free certified vets and calm care for {{your pet}}. Save ₹500 on clinic bill. 
20/02/2026,Fri,,Brook_clinic_Feb'26,,"Comfort-first care, finally 🩺","Calm spaces, Fear-Free certified vets, & guided care for {{your pet}} is here. Visit Supertails+ Clinic and enjoy ₹500 OFF."
20/02/2026,Fri,,Bnght_clinic_Feb'26,,Vets who go at {{pet}}’s pace,"Drop by for {{your pet}}'s stress-free vet consult, without rush. Visit Supertails+ Clinic & save ₹500 on bills."
20/02/2026,Fri,,Bana_clinic_Feb'26,,The calm clinic every pet wants 👀,"Get thoughtful consults, guided next steps. Try Supertails+ Clinic and get {{your pet}}'s first consult FREE."
20/02/2026,Fri,,Vaccinedue_N2B_clinic_Feb'26,,Protection without the panic💉,We keep {{pet}}'s vaccination comfortable & on track. Get 50% OFF on the first vaccination.
20/02/2026,Fri,,Repeat_clinic_Feb'26,,"Fur, food, and pawsome care ",Get a free diet plan and skin-coat check for {{your pet}} at Supertails+ Clinic.
20/02/2026,Fri,,VaccineDue_Repeat_clinic_Feb'26,,{{your pet}}'s vaccine due? ,We got you! Drop by Supertails+ Clinic for {{your pet}}'s upcoming vaccination & get 20% OFF. 
21/02/2026,Sat,,Kora_clinic_Feb'26,,Weekend vet plans? 👀,Skip the wait! Get ₹500 OFF on your clinic bill at Supertails+ Clinic. Visit today 🐾
21/02/2026,Sat,,Brook_clinic_Feb'26,,"Calm care, zero chaos 😌",1st consult FREE at Supertails+ Clinic. Stress-free care for {{your pet}} 🐶✨
21/02/2026,Sat,,Bnght_clinic_Feb'26,,New clinic. Big perks 🎉,{{your pet}} gets calm care + ₹500 OFF on clinic bills. Drop by today 🏥🐾
21/02/2026,Sat,,Bana_clinic_Feb'26,,"{{pet parent}}, it’s time ⏰",Book a stress-free vet visit for {{your pet}}. 1st consult is FREE 🐾
21/02/2026,Sat,,Vaccinedue_N2B_clinic_Feb'26,,"Vaccines, minus the drama 💉",Easy vaccinations at Supertails+ Clinic. {{your pet}} gets 50% OFF 🐶✨
21/02/2026,Sat,,Repeat_clinic_Feb'26,,{{your pet}}: “Take me back!” 🐾,"{{pet parent}}, calm care awaits again at Supertails+ Clinic. Drop in today💜"
21/02/2026,Sat,,Birthday_clinic_Feb'26,,B’day perks unlocked 🎂🐾,Celebrate with a pamper sesh! Get 50% OFF grooming at Supertails+ 🎉✨
22/02/2026,Sun,,Kora_clinic_Feb'26,,Vet visit… or play date? 🐾,Make {{your pet}}’s 1st consult FREE at Supertails+ Clinic. Calm vibes only 💜
22/02/2026,Sun,,Brook_clinic_Feb'26,,Say NO to chaotic vet visits,First visit on us! Bring {{your pet}} for a stress-free consult at Supertails+ 🏥✨
22/02/2026,Sun,,Bnght_clinic_Feb'26,,First visits matter🏥✨,A gentle 1st consult for {{your pet}} is on us at Supertails+ Clinic. Drop in today🐶🐱
22/02/2026,Sun,,Bana_clinic_Feb'26,,{{your pet}}: keep it chill!😌,"As {{your pet}} says, you must drop by Supertails+ Clinic & try zero stress vet consult for FREE.🐾"
22/02/2026,Sun,,Vaccinedue_N2B_clinic_Feb'26,,Don’t snooze on shots 💉,Protect {{your pet}}’s immunity today in a calm way. Get 1st vaccine now at 50% OFF. Visit soon 🐶✨
22/02/2026,Sun,,Repeat_clinic_Feb'26,,Round 2? Let’s go! 🔁,Drop by Supertails+ Clinic again & get a diet plan + skin check for FREE.💜
22/02/2026,Sun,,VaccineDue_Repeat_clinic_Feb'26,,This one’s smoother 😌💉,It's time to try the low-stress kind. Drop by Supertails+ Clinic & save 20% on {{your pet}}'s vaccination.💜
23/02/2026,Mon,,Kora_clinic_Feb'26,,Vet visits = tail wags? Served!🐶,Try Supertails+ for {{your pet}}’s 1st FREE consult. Calm clinic. Happy pet.💜
23/02/2026,Mon,,Brook_clinic_Feb'26,,No more side-eyes👀,{{Your pet}}'s first vet consult is on us. Don't miss out on expert care that feels calm. Drop in today.🐾
23/02/2026,Mon,,Bnght_clinic_Feb'26,,"Soft launch, but stress-free edition!✨","Get {{your pet}}'s first consult for FREE at Supertails+ Clinic. Gentle care, pawmise!💜"
23/02/2026,Mon,,Bana_clinic_Feb'26,,Stress?✋ Not invited ❌,Drop in for {{your pet}}'s stress-free care & get their first vet consult for FREE! Save smart before the offer runs out.🏥✨
23/02/2026,Mon,,Vaccinedue_N2B_clinic_Feb'26,,Immunity = aura booster💉,"Vaccinate {{your pet}} at 50% OFF in the Supertails+ clinic. Strong today, aura flaunt always 🐾"
23/02/2026,Mon,,Repeat_clinic_Feb'26,,Back for the glow-up? 🔁,"Good care is a routine, and this is a sign to get {{your pet}}'s skin check + diet plan for FREE. Drop in today🐶🐱"
23/02/2026,Mon,,Birthday_clinic_Feb'26,,How about a Bark day upgrade?🎂✨,Celebrate {{your pet}}'s B'day with 50% OFF grooming only at Supertails+ Clinic. Pamper mode: ON 🐶💅
24/02/2026,Tue,,Kora_clinic_Feb'26,,Vet visit but make it chill?🐾,"Drop by Supertails+ Clinic for {{your pet}}'s 1st FREE vet consult. Calm care, always.💜"
24/02/2026,Tue,,Brook_clinic_Feb'26,,Stress-free vet visits exist! 😌,Try Supertails+ Clinic with {{your pet}}. Get a first vet consult for FREE. Your wallet's relax mode: ON 💸
24/02/2026,Tue,,Bnght_clinic_Feb'26,,First time? We got this 💛,We pawmise to make {{your pet}}'s first vet consult stress-FREE + it's on us. Drop in today!🐾
24/02/2026,Tue,,Bana_clinic_Feb'26,,"Clinic for us, play area for 🐶🐱",It's going to be zero-stress for you & {{your pet}}. Get 1st vet consult for FREE. Drop by Supertails+ Clinic now💜
24/02/2026,Tue,,Vaccinedue_N2B_clinic_Feb'26,,One missed shot = health risk 📈,Drop by Supertails+ Clinic for {{your pet}}'s 1st vaccination at 50% OFF. Protect those zoomies🐕✨
24/02/2026,Tue,,Repeat_clinic_Feb'26,,Loyalty deserves perks 🔁,And we've got {{your pet}}'s diet plan + skin check under cover. Get it for FREE today! 💸
24/02/2026,Tue,,VaccineDue_Repeat_clinic_Feb'26,,Before you miss it...😭🐾,We've got you covered. Drop by Supertails+ Clinic for {{your pet}}'s next vaccination at 20% OFF. See you⚡
25/02/2026,Wed,,Kora_clinic_Feb'26,,"Drop everything, {{pet parent}}! 😲🏃","Leave everything at home, except {your pet}. 'Cause we've got 1st vet consult for FREE. Drop in today!🏥✨"
25/02/2026,Wed,,Brook_clinic_Feb'26,,Escape the stressful zone!🫣,Pull up with {{your pet}}. 'Cause we're doing FREE 1st vet consult. Calm zone activated!⚡
25/02/2026,Wed,,Bnght_clinic_Feb'26,,"{your pet}: vet but no trauma, plizz 👀",It's your sign to try zero chaos + healthy zommies. Drop by Supertails+ clinic for 1st FREE vet consult🐾
25/02/2026,Wed,,Bana_clinic_Feb'26,,{Your pet}: Anxiety who?🤧,"We heard it. So, walk in with floof to Supertails+ Clinic for their 1st FREE vet consult. Calm care only✔️"
25/02/2026,Wed,,Vaccinedue_N2B_clinic_Feb'26,,Immunity era loading…💉,And it got to {your pet} at half price. Drop by Supertails+ clinic for 1st vaccination at 50% OFF.🐾💸
25/02/2026,Wed,,Repeat_clinic_Feb'26,,Round 2 hits different 🔁 💪,Get to Supertails+ clinic again for {your pet}'s FREE diet plan + skin check. Main character care? See you.⚡
25/02/2026,Wed,,Birthday_clinic_Feb'26,,B'day supremacy...🎂🎀,"When {your pet} deserves red carpet treatment, why stay at home? Drop by Supertails+ Clinic for 50% OFF on grooming.🛀💅"
26/02/2026,Thu,,Kora_clinic_Feb'26,,Stress left the chat! 😭🐾,When heard of Supertails+ Clinic's calm vet care. Drop in today for {your pet}'s 1st FREE consult🏥✨
26/02/2026,Thu,,Brook_clinic_Feb'26,,This is your sign. 🫵🐾,Walk in with {your pet} to Supertails+ Clinic for their 1st FREE vet consult. Happy floof era starts here🏥✨
26/02/2026,Thu,,Bnght_clinic_Feb'26,,Stop scrolling 📵✋,"Start strolling to Supertails+ Clinic for a FREE 1st consult. See you soon, {pet parent}💜"
26/02/2026,Thu,,Bana_clinic_Feb'26,,Stress? ✋Blocked 📵,"Forever stress-free care starts here. Take the first step, drop by Supertails+ Clinic for {your pet}'s FREE 1st consult.💜"
26/02/2026,Thu,,Vaccinedue_N2B_clinic_Feb'26,,Don’t ghost this😲✋,"Immunity is a forever thing. Don't wait longer, vaccinate {{your pet}} now at 50% OFF 🐾💸"
26/02/2026,Thu,,Repeat_clinic_Feb'26,,We ride again 🔁,Back with {your pet} for round two? Enjoy a FREE diet plan + skin check today at Supertails+ Clinic. ✨💸
26/02/2026,Thu,,VaccineDue_Repeat_clinic_Feb'26,,Redemption shot time 💉,"Make this one smoother than before, only at Supertials+ Clinic. Get 20% OFF on {your pet}'s next vaccination.🏥✨"
27/02/2026,Fri,,Kora_clinic_Feb'26,,Main character checkup 🎬,Even main characters need checkups. Visit Supertails+ Clinic for {{your pet}}’s FREE 1st consult.🩺✨
27/02/2026,Fri,,Brook_clinic_Feb'26,,Fear? We don’t know her 😌,Vet visits need not be fearful. {Your pet} deserves calm care only. Drop by today for a FREE 1st vet consult.🩺🏥
27/02/2026,Fri,,Bnght_clinic_Feb'26,,Stress got evicted 🏠,Stress stays outside now. Bring {{your pet}} in for a FREE 1st consult at Supertails+ Clinic only.💜
27/02/2026,Fri,,Bana_clinic_Feb'26,,Anxiety left the group chat 📵,Keep {your pet}'s nerves low & tails high. Visit Supertails+ clinic today for a FREE 1st vet consult.🩺🏥
27/02/2026,Fri,,Vaccinedue_N2B_clinic_Feb'26,,Secure the lore💉,Keep {{your pet}}’s journey strong by protecting them on time. Visit Supertails+ Clinic for their 1st vaccine at 50% OFF🐶🐱
27/02/2026,Fri,,Repeat_clinic_Feb'26,,Back like we never left 🔁,Care works best on repeat. Come back today for a FREE diet plan + skin check only at Supertails+ Clinic 🏥💜
27/02/2026,Fri,,Birthday_clinic_Feb'26,,B'day sesh gotta be click-ready!📸,Make {your pet}'s birthday extra special this time. Enjoy grooming at 50% OFF today. Drop in today.🛀💅
28/02/2026,Sat,,Kora_clinic_Feb'26,,Every star needs upkeep🐾🩺,Give {{your pet}} the calm care they deserve. 1st consult is FREE today at Supertails+ Clinic. See you.🏥
28/02/2026,Sat,,Brook_clinic_Feb'26,,Soft landings only here 🩺💸,"Vet visits don’t need stress and fear. Walk in today for a FREE 1st consult, only at Supertails+ Clinic.🏥💜"
28/02/2026,Sat,,Bnght_clinic_Feb'26,,{Your pet} is in good hands 🤝,Let vet visits feel lighter this time. Try {{your pet}}’s 1st consult FREE only at Supertails+ Clinic.🐾🩺
28/02/2026,Sat,,Bana_clinic_Feb'26,,Zero stress zone 🚫💜,"Because checkups should feel safe and calm. Visit Supertails+ Clinic for FREE 1st consult, just for {{your pet}}. 🩺💸"
28/02/2026,Sat,,Vaccinedue_N2B_clinic_Feb'26,,This one can’t wait 💉,Immunity isn’t optional. Drop by Supertails+ Clinic today & get {{your pet}} vaccinated at 50% OFF.✨
28/02/2026,Sat,,Repeat_clinic_Feb'26,,Routine care hits different✨,Care works best on repeat. Come back today for a FREE diet plan + skin check.🏥
28/02/2026,Sat,,VaccineDue_Repeat_clinic_Feb'26,,Back for round two?↩️,"This round gotta be calmer & easier for {your pet}, just like last time. Drop by now & save 20% on vaccination.💜"
01/03/2026,Sun,Morning,Clinic_Vaccination_Due,,{Your pet}'s shot due?💉,Don't delay or skip the date. Get it at the Supertails+ Clinic at 50% OFF. Visit today.💜
01/03/2026,Sun,Morning,Clinic_Vaccination_Due,,{Your pet} is yet to get their next shot?💉,Try it stress-free at Supertails+ Clinic and get 20% OFF. Visit today.🏥
01/03/2026,Sun,Morning,Clinic_Birthday,,B'day calls for {your pet}'s spa day!✨,Visit Supertails+ Clinic today and get 50% OFF on grooming. Make it a pawsome day!👉👈
01/03/2026,Sun,Morning,N2B_All_Bangalore,,"Vet consult on time, saves you prime!👀💸",Visit your nearest Supertails+ Clinic for {your pet}'s 1st vet consultation and save ₹500.💜
01/03/2026,Sun,Morning,Clinic_Double_pet_parents_Mar26,,Bring {your pet} + 1 new floof...🐾 🐾,Unlock Buy One Get One FREE on grooming. Spa day? Make it for two pawsome babies!💜
01/03/2026,Sun,Morning,Clinic_Gut_N2B_Mar'26,,Poor gut health impacts digestion🩺,Drop by at Supertails+ Clinic today and get {your pet}'s gut checked for FREE. 💜
01/03/2026,Sun,Morning,Clinic_Dental_N2B_Mar'26,,Bad breath? Time for a dental check🦷,What if we tell you it's on us? Drop by with {your pet} and get their dental checkup for FREE.🩺💸
01/03/2026,Sun,Morning,Clinic_Skin_N2B_Mar'26,,Noticing dull coat or itchy skin?👀,It's time for a skin and coat check-up. Visit Supertails+ Clinic and get {your pet}'s skin check for FREE.🏥💸
01/03/2026,Sun,Morning,Clinic_KN_Mar'26,,We're coming nearby in no time...⏳,"{pet parent}, {your pet}'s safe space is coming to your locality very soon. See you.🏥💜"
01/03/2026,Sun,Morning,Rajaji_Nagar_n2b_15km,,We're coming closer very soon...⏳,"{pet parent}, {your pet}'s safe space is coming to your locality very soon. See you.🏥💜"
02/03/2026,Mon,Morning,Clinic_Vaccination_Due,,{your pet} shouldn't wait for this👀💉,Delayed vaccine affects immunity. Get {your pet} vaccinated today at 50% OFF. Only at Supertails+ Clinic.🏥💸
02/03/2026,Mon,Morning,Clinic_Birthday,,{Your pet}'s B'day gotta be special✨🎀,How about a spa day? Drop by Supertails+ Clinic today for stress-free grooming @50% OFF 💸💜
02/03/2026,Mon,Morning,N2B_All_Bangalore,,{Your pet} got you thinking?🤔,Don't wait for the issue to escalate. Drop by Supertails+ Clinic for a FREE 1st vet consultation.🏥💜
02/03/2026,Mon,Morning,Clinic_Double_pet_parents_Mar26,,{Your pet} deserves a +1🐾 🐾,"Bring {your pet} and tag along your friend's pet to get BOGO FREE on grooming, only at Supertails+ Clinic.✨🎀"
02/03/2026,Mon,Morning,Clinic_Gut_N2B_Mar'26,,{your pet}'s gut care is primary💜,"Get it checked before any urgency arrives, for FREE. Only at Supertails+ Clinic. 🏥💸"
02/03/2026,Mon,Morning,Clinic_Dental_N2B_Mar'26,,Noticing {your pet}'s bad breath?🦷👀,It's time for a dental check-up. Drop by Supertails+ Clinic for a FREE dental check.💸💜
03/03/2026,Tue,Morning,Clinic_KN_Mar'26,,,
03/03/2026,Tue,Morning,Clinic_Vaccination_Due,,,
03/03/2026,Tue,Morning,Clinic_Birthday,,,
03/03/2026,Tue,Morning,Clinic_Double_pet_parents_Mar26,,,
03/03/2026,Tue,Morning,Clinic_Skin_N2B_Mar'26,,,
03/03/2026,Tue,Morning,N2B_All_Bangalore,,,
04/03/2026,Wed,Morning,Clinic_KN_Mar'26,,"Kalyan Nagar, don't blink!👀⏳",Cause Supertails+ Clinic is opening {your pet}'s safe space very soon. See you there!🏥💜
04/03/2026,Wed,Morning,Clinic_Vaccination_Due,,"{pet parent}, go for {your pet}'s tiny jab!💉",Did you know? {Your pet}’s first vaccine builds lifelong defence. Get 50% off on their 1st vaccination @Supertails+ Clinic.🏥💸
04/03/2026,Wed,Morning,Clinic_Birthday,,Frosting on cake?❌ Spa for {your pet}✔️,"{pet parent}, celebrate {your pet}’s special month with 50% off grooming at our clinic. Calm, gentle, camera-ready.🏥💜"
04/03/2026,Wed,Morning,N2B_All_Bangalore,,Adulting for {your pet} 💼💸,But let's make it stress-free. Visit Supertails+ Clinic with {your pet} & save ₹500 on your clinic bill.🏥💜
04/03/2026,Wed,Morning,Clinic_Double_pet_parents_Mar26,,Got a new floof-parent? 2x perks sorted💸💜,"{Pet parent}, bring a new pawstar with {your pet} to the clinic. Book one grooming and enjoy one on us.🐾 🐾"
04/03/2026,Wed,Morning,Clinic_Gut_N2B_Mar'26,,"Grrr...not {your pet}, but their tummy?🐾",Digestive health affects {your pet}'s energy and mood. Get {your pet}’s first gut checkup for FREE at our clinic.🏥💜
05/03/2026,Thu,Morning,Clinic_KN_Mar'26,,"Kalyan Nagar, guess who’s moving in? 👀","{your pet}’s new safe space opens very soon.
Supertails+ Clinic is arriving with calm, Fear-Free care. 🏥💜"
05/03/2026,Thu,Morning,Clinic_Vaccination_Due,,"{pet parent}, tiny poke. Big protection. 💉",First vaccines quietly build {your pet}'s lifelong defence. Start it with 50% off the 1st vaccine at Supertails+ Clinic. 🏥💜
05/03/2026,Thu,Morning,Clinic_Birthday,,{your pet}: Cake later. Spa first. 🎂✨,"{pet parent}, it’s {your pet}’s birthday month! Celebrate with 50% off grooming at Supertails+ Clinic. 🏥💜"
05/03/2026,Thu,Morning,N2B_All_Bangalore,,1st vet visits shouldn’t feel stressful. 🐾,"Let’s make {your pet}’s first clinic visit easy, simple and calm. Visit Supertails+ Clinic & save ₹500 on your bill. 🏥💜"
05/03/2026,Thu,Morning,Clinic_Double_pet_parents_Mar26,,"Double the floof, 2x the spa🐾🐾","{pet parent}, bring {your pet} along with any of your friend's floof. Unlock Buy 1 Get 1 FREE on grooming. 🏥💜"
05/03/2026,Thu,Morning,Clinic_Dental_N2B_Mar'26,,Bad breath? Not so cute. 🐶🦷,"Tartar buildup can lead to gum problems.
Get {your pet}’s 1st dental health checked at Supertails+ Clinic for FREE. 🏥"
06/03/2026,Fri,Morning,Clinic_Skin_N2B_Mar'26,,Itching can't be {your pet}'s BFF👀❌,"Skin discomfort can spread fast, {pet parent}. Visit Supertails+ Clinic for a FREE 1st skin & coat check. 🏥"
06/03/2026,Fri,Morning,Clinic_Birthday,,Birthday glow-up loading… 🎉✨,"{your pet} deserves extra pampering this month.
Celebrate with 50% off grooming at Supertails+ Clinic. 🏥💜"
06/03/2026,Fri,Morning,N2B_All_Bangalore,,1st vet visit❌ 1st clinic trip✅,"Start your pet-care journey right, {pet parent}. Visit Supertails+ Clinic & save ₹500 on your bill. 🏥💜"
06/03/2026,Fri,Morning,Clinic_Double_pet_parents_Mar26,,Fluff squad spa day 🐾🐾✅,"{pet parent}, bring {your pet} and a friend’s floof to Supertails+ Clinic. Unlock Buy 1 Get 1 FREE grooming. 🏥💜"
06/03/2026,Fri,Morning,Clinic_KN_Mar'26,,"Kalyan Nagar, big news loading... 👀","Supertails+ Clinic is opening here soon, {pet parents}. Stress-free care for {your pet} is getting more accessible. 🏥💜"
06/03/2026,Fri,Morning,Rajaji_Nagar_n2b_15km,,"Rajaji Nagar, guess what? 👀","Your neighbourhood Supertails+ Clinic is opening here soon. Get ready to experience calm, Fear-Free pet care. 🏥💜"
06/03/2026,Fri,Evening,Clinic_Skin_N2B_Mar'26,,Scratch squad back on {your pet}?🐾,Persistent scratching might have underlying issues. Bring {your pet} to Supertails+ Clinic for a FREE first skin & coat check. 🏥💜 
06/03/2026,Fri,Evening,Clinic_Birthday,,Cue the spa montage!,Birthday month = pamper mode for {your pet}. Enjoy 50% off grooming at Supertails+ Clinic and let the glow-up begin. 🏥💜
06/03/2026,Fri,Evening,N2B_All_Bangalore,,"Plot twist: It's stress-free, always",Your first clinic visit with {your pet} can be calm and easy. Walk in today and save ₹500 on your clinic bill. 🏥💜
06/03/2026,Fri,Evening,Clinic_Double_pet_parents_Mar26,,Tag a new spa buddy for {your pet}!🐾✨,"Got a friend with a floof? Bring the new floof.
Avail B1G1 FREE on grooming, only at Supertails+ Clinic. 🏥💜"
06/03/2026,Fri,Evening,Clinic_KN_Mar'26,,Guess who is moving in tomorrow...,"Good news for Kalyan Nagar pet parents. Supertails+ Clinic is almost here. Soon, calm vet care for {your pet} will be right around the corner. 🏥💜"
06/03/2026,Fri,Evening,Rajaji_Nagar_n2b_15km,,"Neighbourhood pets, time to chill",Rajaji Nagar is about to get its own pet-friendly stop. Get ready to visit Supertails+ Clinic with {your pet} for calm vet care. 🏥
07/03/2026,Sat,Morning,Clinic_Vaccination_Due,,A tiny poke shields {your pet} lifetime!💉,"{pet parent}, vaccines help {your pet} wander safely. Get 50% off the 1st vaccine at Supertails+ Clinic. 🏥💜"
07/03/2026,Sat,Morning,Clinic_Gut_N2B_Mar'26,,That tummy deserves peace 🐾💜,Upset stomachs can ruin {your pet}’s day. Get a FREE 1st gut health checkup at Supertails+ Clinic. 🏥💜
07/03/2026,Sat,Morning,N2B_All_Bangalore,,New pet parent starter pack...🎒🐾,"Vaccines, checkups, grooming...everything in one place. Visit us with {your pet} & get ₹500 off on 1st clinic bill. 🏥"
07/03/2026,Sat,Morning,Clinic_Double_pet_parents_Mar26,,Fluff friends deserve spa days 🐾🐾,"Bring {your pet} and a friend’s floof, {pet parent}. Enjoy Buy 1 Get 1 FREE grooming today. 🏥💜"
07/03/2026,Sat,Morning,Clinic_KN_Mar'26,,"Kalyan Nagar, we're open!",Your neighbourhood Supertails+ Clinic opens today. Drop by with {your pet} for a calm grooming session at 50% OFF. 🏥💜
07/03/2026,Sat,Morning,Clinic_Dental_N2B_Mar'26,,"That smell is BAD! 👀🦷
","Tartar buildup can harm {your pet}’s gums.
Visit Supertails+ Clinic for a FREE 1st dental checkup. 🏥💜"
07/03/2026,Sat,Evening,Clinic_Vaccination_Due,,"Tiny jab, big protection💉🐾","{pet parent}, vaccines help {your pet} sniff the world safely. Enjoy 50% off the first vaccination at Supertails+ Clinic. 🏥💜"
07/03/2026,Sat,Evening,Clinic_Gut_N2B_Mar'26,,"Happy gut, zoomies unlocked!🐾","Digestive discomfort can slow {your pet} down.
Drop by for a FREE first gut health check at Supertails+ Clinic. 🏥💜"
07/03/2026,Sat,Evening,N2B_All_Bangalore,,Your floof boss got you extra savings!💰🐾,"Start with vaccines, grooming, consults and explore more for {your pet}, only at Supertails+ Clinic. Get ₹500 off your clinic bill. 🏥💜"
07/03/2026,Sat,Evening,Clinic_Double_pet_parents_Mar26,,"Two floofs, one spa mission 🐾✨","Bring {your pet} with a friend’s floof, {pet parent}. Visit Supertails+ Clinic & avail Buy 1 Get 1 FREE on grooming🏥💜"
07/03/2026,Sat,Evening,Clinic_KN_Mar'26,,"Kalyan Nagar pets, big day today 🐾",Supertails+ Clinic is now open here. Walk in with {your pet} for a stress-free grooming session @50% OFF. 🏥💜
07/03/2026,Sat,Evening,Clinic_Dental_N2B_Mar'26,,Snack breath or plaque breath? 👀🦷,"Not sure? Tartar buildup can quietly affect {your pet}'s gums.
Visit Supertails+ Clinic for a FREE 1st dental checkup. 🏥💜"
08/03/2026,Sun,Morning,Clinic_KN_Mar'26,,"Kalyan Nagar pet, we're finally running!",Your neighbourhood Supertails+ Clinic is now open. Bring {your pet} for gentle & calm grooming. Avail 50% OFF. 🏥💜
08/03/2026,Sun,Morning,Clinic_Vaccination_Due,,Treats after 1st vaccine?,We heard {your pet} saying YES! Get 50% off {your pet}'s 1st vaccination at Supertails+ Clinic. 🏥💜
08/03/2026,Sun,Morning,Clinic_Birthday,,Sniff patrol needs B'day glow-up,{your pet}'s birthday month deserves a stress-free pampering session. Enjoy 50% off grooming at Supertails+ Clinic. 🏥💜
08/03/2026,Sun,Morning,Clinic_Double_pet_parents_Mar26,,Spa mission takes 2 floofs!,Bring {your pet} and a friend’s floof along. Avail Buy 1 Get 1 FREE on grooming. 🏥💜
08/03/2026,Sun,Morning,Clinic_Skin_N2B_Mar'26,,"Scratch today, vet care tomorrow?","Constant scratching isn’t normal, {pet parent}. Visit Supertails+ Clinic for a FREE first skin & coat check. 🏥💜"
08/03/2026,Sun,Morning,N2B_All_Bangalore,,"Like WiFi, health needs checking",Start strong with the right care routine. Visit with {your pet} and save ₹500 on your clinic bill. 🏥💜
08/03/2026,Sun,Evening,Clinic_KN_Mar'26,,Evening walks → vet stops? 🐾,"Supertails+ Clinic in Kalyan Nagar is now open.
Drop by with {your pet} for a spa session that saves you 50%. 🏥💜"
08/03/2026,Sun,Evening,Clinic_Vaccination_Due,,Tiny shield for big adventures 💉🐾,Vaccines help keep {your pet} protected outdoors. Enjoy 50% off the first vaccination. 🏥💜
08/03/2026,Sun,Evening,Clinic_Birthday,,Birthday zoomies need spa time 🎉,Celebrate {your pet}’s special month with a glow-up. Enjoy 50% off grooming at Supertails+ Clinic. 🏥💜
08/03/2026,Sun,Evening,Clinic_Double_pet_parents_Mar26,,"Two tails, one spa plan 🐾🐾",Bring a friend’s floof with {your pet}. Unlock Buy 1 Get 1 FREE on grooming. 🏥💜
08/03/2026,Sun,Evening,Clinic_Skin_N2B_Mar'26,,"Itch today, vet tomorrow? 🐾",Don’t ignore skin irritation in {your pet}. Get a FREE first skin & coat check. 🏥💜
08/03/2026,Sun,Evening,N2B_All_Bangalore,,Pet parent starter pack unlocked 🎒🐾,"Vaccines, checkups, grooming, everything under one roof. Visit Supertails+ Clinic and save ₹500 today. 🏥💜"
09/03/2026,Mon,Morning,Clinic_KN_Mar'26,,"Kalyan Nagar pets, new hangout spot?🐾
",Supertails+ Clinic is now open nearby. Walk in with {your pet} for a pampering session at 50% OFF. 🏥💜
09/03/2026,Mon,Morning,Clinic_Vaccination_Due,,"Small poke, lifelong protection 💉",Vaccines help {your pet} explore the world safely. Get 50% off the first vaccination at Supertails+ Clinic. 🏥💜
09/03/2026,Mon,Morning,Clinic_Gut_N2B_Mar'26,,Slow zoomies..'Cause of tummy trouble? 🐾,Digestive issues can affect {your pet}'s energy. Get a FREE first gut health check at Supertails+ Clinic. 🏥💜
09/03/2026,Mon,Morning,Clinic_Double_pet_parents_Mar26,,It's a tail of two🐾🐾,That'd love to groom for the price of one. Drop by Supertails+ Clinic & avail Buy 1 Get 1 FREE grooming.
09/03/2026,Mon,Morning,Clinic_Dental_N2B_Mar'26,,That smell isn’t snacks 👀🦷,Tartar buildup can harm {your pet}'s gums. Visit for a FREE first dental checkup at Supertails+ Clinic. 🏥💜
09/03/2026,Mon,Morning,N2B_All_Bangalore,,First clinic visit = big step 🐾,Start {your pet}'s care journey the right way. Enjoy ₹500 off your clinic bill today. 🏥💜
09/03/2026,Mon,Evening,Clinic_KN_Mar'26,,"Kalyan Nagar pets, assemble 🐾","Good news for local pet parents: Supertails+ Clinic is here. Drop by with {your pet} for calm, Fear-Free veterinary care. 🏥💜"
09/03/2026,Mon,Evening,Clinic_Vaccination_Due,,"Tiny poke, superhero shielded 🐾🦸‍♂️💉
","Vaccines help {your pet} stay safe, {pet parent}. Get 50% off the first vaccination at Supertails+ Clinic. 🏥💜"
09/03/2026,Mon,Evening,Clinic_Gut_N2B_Mar'26,,A happy zoomie starts from healthy gut🐾⚡,Digestive issues can affect {your pet}'s mood and energy. Bring them in for a FREE first gut health checkup at our clinic. 🏥💜
09/03/2026,Mon,Evening,Clinic_Double_pet_parents_Mar26,,Your floof gets to tag along a +1🐾🐾✨,Bring {your pet} along with a new friend’s floof. Avail Buy 1 Get 1 FREE on grooming. 🏥💜
09/03/2026,Mon,Evening,Clinic_Dental_N2B_Mar'26,,Eliminate the plaque right away!👀🦷,Tartar buildup can quietly affect {your pet}'s gums. Visit Supertails+ Clinic for a FREE first dental checkup. 🏥💜
09/03/2026,Mon,Evening,N2B_All_Bangalore,,Stress-free is all that matters!🎒🐾,"From consults to grooming, everything begins here. Visit Supertails+ Clinic with {your pet} and save ₹500 on your clinic bill. 🏥💜"
10/03/2026,Tue,Morning,Clinic_KN_Mar'26,,When newness has all the charm...✨🪭,"Visit the new Supertails+ Clinic, Kalyan Nagar with {your pet} for ultimate savings. Get flat 25% OFF on all services. 💸🏥"
10/03/2026,Tue,Morning,Clinic_Vaccination_Due,,"Tiny jab, Marvel-level shield💉🛡️",Give {your pet} the protection they deserve. Get 50% off their first vaccine at our clinic. 🏥💜
10/03/2026,Tue,Morning,Clinic_Gut_N2B_Mar'26,,When {your pet}'s tummy speaks… we listen 🐾,Digestive discomfort can affect mood and appetite. Drop by for a FREE first gut health checkup. 🏥💜
10/03/2026,Tue,Morning,Clinic_Double_pet_parents_Mar26,,Spa days are better in pairs 🐾,Bring {your pet} & a new floof to the clinic today. Enjoy Buy 1 Get 1 FREE grooming. 🏥💜
10/03/2026,Tue,Morning,Clinic_Dental_N2B_Mar'26,,Fresh breath > mystery smell 👀,Dental care keeps {your pet}'s mouth healthy. Get a FREE dental check at Supertails+ Clinic. 🏥💜
10/03/2026,Tue,Morning,N2B_All_Bangalore,,{your pet}'s first clinic chapter 📖,"From vaccines to grooming, everything starts here in a stress-free way. Visit today & save ₹500 on your clinic bill. 🏥💜"
11/03/2026,Wed,Morning,Clinic_KN_Mar'26,,Your neighbourhood vet is pretty chill ✨,Stress-free care for {your pet} is just around the corner. Visit Supertails+ Clinic in Kalyan Nagar today. 🏥💜
11/03/2026,Wed,Morning,Rajaji_Nagar_n2b_15km,,"Rajaji Nagar, we'll be there in no time😎",Your neighbourhood Supertails+ Clinic will be here soon. Drop by with {your pet} for stress-free visits. 🏥💜
11/03/2026,Wed,Morning,Clinic_Skin_N2B_Mar'26,,That itch isn’t random 👀,Skin issues can spread quickly if ignored. Visit Supertails+ Clinic for a FREE skin checkup. 🏥💜
11/03/2026,Wed,Morning,Clinic_Gut_N2B_Mar'26,,That tummy deserves peace 🐾,Digestive discomfort can slow {your pet} down. Get a FREE gut health checkup at Supertails+ Clinic. 🏥💜
11/03/2026,Wed,Morning,Clinic_Double_pet_parents_Mar26,,"Two floofs, one spa day 🐾✨",Bring {your pet} and a friend’s floof along. Book one grooming and enjoy the second FREE. 🏥💜
11/03/2026,Wed,Morning,N2B_All_Bangalore,,First vet visit? We got you 🐾,Start {your pet}'s care journey right. Visit Supertails+ Clinic and save ₹500 on your clinic bill. 🏥💜
11/03/2026,Wed,Evening,Rajaji_Nagar_n2b_15km,,We'll be here soon...🏥⏳,"Supertails+ Clinic is now opening nearby for calm, stress-free care. Bring {your pet} & get 25% off on all clinic bills.💜"
11/03/2026,Wed,Evening,Clinic_KN_Mar'26,,Kalyan Nagar pets found something new 👀,Supertails+ Clinic is now around the corner. Walk in with {your pet} for 1st stress-free vet care for FREE. 🏥💜
11/03/2026,Wed,Evening,Clinic_Birthday,,Birthday zoomies deserve a glow-up 🎉,Celebrate {your pet}’s special month in style. Enjoy 50% off grooming at Supertails+ Clinic. 🏥💜
11/03/2026,Wed,Evening,Clinic_Skin_N2B_Mar'26,Appointment Completed,"Scratch mode activated? 🐾
",Skin discomfort can spread fast if ignored. Visit us for a FREE skin health check. 🏥💜
11/03/2026,Wed,Evening,Clinic_Gut_N2B_Mar'26,Appointment Completed,"Happy tummy, happy zoomies 🐾",Upset stomachs can slow {your pet} down. Get a FREE gut health check at Supertails+ Clinic. 🏥💜
11/03/2026,Wed,Evening,N2B_All_Bangalore,Appointment Completed,Stress-free is all that matters!🎒🐾,"From consults to grooming, everything begins here. Visit Supertails+ Clinic with {your pet} and save ₹500 on your clinic bill. 🏥💜"
12/03/2026,Thu,Evening,Rajaji_Nagar_n2b_15km,30_min_delivery,Big news for {your pet}!🎬🐾,"A calm, Fear-Free clinic is opening soon. Drop by Supertails+ Clinic with {your pet} and say hello. 🏥💜"
12/03/2026,Thu,Evening,Clinic_KN_Mar'26,30_min_delivery,Glow-up arc begins for {your pet} ✨🐾,Time for a fresh trim and fluff reset. Visit Supertails+ Clinic & get 50% OFF grooming for {your pet}. 🏥💜
12/03/2026,Thu,Evening,Clinic_Dental_N2B_Mar'26,30_min_delivery,Fresh breath loading…⏳🐾,A quick dental check can prevent bigger issues. Drop by Supertails+ Clinic for a FREE dental checkup. 🏥💜
12/03/2026,Thu,Evening,Clinic_Gut_N2B_Mar'26,30_min_delivery,Zoomies cancelled by tummy? 🐾,Digestive issues can slow {your pet} down. Visit Supertails+ Clinic for a FREE gut health checkup. 🏥💜
12/03/2026,Thu,Evening,Clinic_Double_pet_parents_Mar26,30_min_delivery,Tag your pet’s spa partner 🐶🤝🐶,Got a friend with a floof? Perfect. Bring both to Supertails+ Clinic and enjoy B1G1 FREE grooming. 🏥💜
13/03/2026,Friday,Evening,Rajaji_Nagar_n2b_15km,,Plot twist: the vet is chill here 👀,"No stress, no drama, just gentle care for {your pet}. Supertails+ Clinic opens here soon. Visit with your floof. 🏥💜"
13/03/2026,Friday,Evening,Clinic_KN_Mar'26,,Bad hair day? Not on our watch 🐶💇,Bring {your pet} in for a glow-up session. Get 50% OFF grooming at Supertails+ Clinic. 🏥💜
13/03/2026,Friday,Evening,Clinic_Birthday,,"Cake for you, spa for them 🎂🐾",Make {your pet}’s birthday month extra special. Get 50% OFF grooming at our clinic. 🏥💜
13/03/2026,Friday,Evening,Clinic_Gut_N2B_Mar'26,Appointment Completed,"Tummy plotting a twist? 👀🐾
",Digestive issues can quietly affect {your pet}. Drop by Supertails+ Clinic for a FREE gut health checkup. 🏥💜
13/03/2026,Friday,Evening,Clinic_Dental_N2B_Mar'26,Appointment Completed,That breath… not giving mint vibes 👀🦷,Dental issues often go unnoticed in pets. Get {your pet} a FREE dental check at our clinic. 🏥💜
13/03/2026,Friday,Evening,N2B_All_Bangalore,Appointment Completed,New pet parent arc unlocked 🎮🐾,Start {your pet}’s care journey right. Visit Supertails+ Clinic and save ₹500 on your clinic bill. 🏥💜
14/03/2026,Saturday,Morning,Rajaji_Nagar_n2b_15km,,Breaking news: vet visits just got nicer 🐾,Supertails+ Clinic will be here for calm care. Swing by with {your pet} and meet our vets today. 🏥💜
14/03/2026,Saturday,Morning,Clinic_KN_Mar'26,,Fur reset incoming ✂️🐶,Bring {your pet} over for a fresh trim and tidy-up. Enjoy 50% OFF grooming at Supertails+ Clinic today. 🏥💜
14/03/2026,Saturday,Morning,Clinic_Birthday,,Birthday month = VIP treatment 🎉,"It’s {your pet}’s special month, after all. Celebrate with 50% OFF grooming at Supertails+ Clinic. 🏥💜"
14/03/2026,Saturday,Morning,Clinic_Gut_N2B_Mar'26,Appointment Completed,When the tummy says “hmm” 🤔🐾,Digestive discomfort can show up in subtle ways. Bring {your pet} for a FREE gut health checkup at our clinic. 🏥💜
14/03/2026,Saturday,Morning,Clinic_Dental_N2B_Mar'26,Appointment Completed,Plaque party? Not invited 🦷,Tartar buildup can affect {your pet}’s gums over time. Drop by for a FREE dental checkup at Supertails+ Clinic. 🏥💜
14/03/2026,Saturday,Morning,N2B_All_Bangalore,Appointment Completed,First vet visit = big pet parent moment 🐾,Start strong with a calm clinic experience. Visit today and get ₹500 OFF your clinic bill. 🏥💜
15/03/2026,Sunday,Morning,Rajaji_Nagar_n2b_15km,,Neighbourhood pets have new plans 🐶,"Supertails+ Clinic will be welcoming local floofs soon. Walk in with {your pet} for gentle, stress-free care. 🏥💜"
15/03/2026,Sunday,Morning,Clinic_KN_Mar'26,,Salon appointment: booked for fluff ✨,A tidy coat and fresh paws go a long way. Visit Supertails+ Clinic and get 50% OFF grooming. 🏥💜
15/03/2026,Sunday,Morning,Clinic_Birthday,,Birthday glow-up unlocked 🎂,Your pawstar deserves the spotlight this month. Treat them to 50% OFF grooming at Supertails+ Clinic. 🏥💜
15/03/2026,Sunday,Morning,Clinic_Gut_N2B_Mar'26,Appointment Completed,Mood swings? Ask the tummy 🐾,Appetite changes or low energy can hint at gut trouble. Get a FREE gut health checkup for {your pet}. 🏥💜
15/03/2026,Sunday,Morning,Clinic_Dental_N2B_Mar'26,Appointment Completed,Snack breath vs fresh breath 🦷,Healthy teeth mean happier chomps. Bring {your pet} for a FREE dental checkup today. 🏥💜
15/03/2026,Sunday,Morning,N2B_All_Bangalore,Appointment Completed,Pet parenting level 1 begins 🐾,"Checkups, grooming, pharmacy...all under one roof. Visit Supertails+ Clinic and save ₹500 on your bill. 🏥💜"
15/03/2026,Sunday,Evening,Rajaji_Nagar_n2b_15km,,"Pet parents, this one’s for you 🐾","Supertails+ Clinic will be part of your neighbourhood soon. Bring {your pet} in for calm, stress-free care. 🏥💜"
15/03/2026,Sunday,Evening,Clinic_KN_Mar'26,,,
15/03/2026,Sunday,Evening,Clinic_Birthday,,,
15/03/2026,Sunday,Evening,Clinic_Gut_N2B_Mar'26,,Zoomies start in the gut 🐾,Healthy digestion keeps {your pet} playful and active. Visit for a FREE gut health checkup today. 🏥💜
15/03/2026,Sunday,Evening,Clinic_Dental_N2B_Mar'26,,Smile check for the floof 😁,Dental issues can stay hidden without a checkup. Stop by for a FREE dental checkup at Supertails+ Clinic. 🏥💜
15/03/2026,Sunday,Evening,N2B_All_Bangalore,,,
16/03/2026,,Morning,Rajaji_Nagar_n2b_15km,,It's a relief for pet parents!,Supertails+ Clinic will be here in no time. Drop by soon with {your pet} for stress-free care & Fear-Free certified vets.
16/03/2026,,Morning,Clinic_KN_Mar'26,,"Fresh clinic, fresh spa time for {your pet}",{your pet} will love a fresh trim in our new Supertails+ Clinic here. Enjoy 50% OFF on grooming.
16/03/2026,,Morning,Clinic_Birthday,,{Your pet} deserves a B'day glow-up!,Drop by your nearest Supertails+ Clinic and get {your pet} groomed at 50% OFF.
16/03/2026,,Morning,Clinic_Vaccination_Due,Appointment Completed,{Your pet} needs that tiny jab,"For lifelong protection, that one shot on time matters the most. Drop by Supertails+ Clinic for {your pet}'s FREE 1st vaccination."
16/03/2026,,Morning,Clinic_Double_pet_parents_Mar26,Appointment Completed,"Know a new floof parent, {pet parent}?",Get them onboard with their floof & drop by Supertails+ Clinic with {your pet} for Buy 1 Get 1 FREE on grooming.
16/03/2026,,Morning,N2B_All_Bangalore,Appointment Completed,New to Supertails+ Clinic?,A treat for you & {your pet} awaits. {your pet} gets an expert vet consult for the first time for FREE. 
17/03/2026,,Morning,Rajaji_Nagar_n2b_15km,30_min_delivery,{your pet}'s safe space is loading...⏳,Supertails+ Clinic will be here in no time. Drop by soon with {your pet} for stress-free care by Fear-Free certified vets.💜
17/03/2026,,Morning,Clinic_KN_Mar'26,30_min_delivery,Fluff reset pending? ✂️🐶,Time for a glow-up! Visit Supertails+ Clinic in Kalyan Nagar & get 50% OFF grooming for {your pet}. 🏥💜
17/03/2026,,Morning,Clinic_Birthday,30_min_delivery,Birthday month = spa month 🎉,Celebrate {your pet}'s special month with extra pampering. Enjoy 50% OFF grooming at Supertails+ Clinic. 🏥💜
17/03/2026,,Morning,Clinic_Vaccination_Due,"Appointment Completed, 30_min_delivery",Tiny jab. Huge shield 💉,Vaccines help protect {your pet} through every sniff and stroll. Get 50% OFF the first vaccination at Supertails+ Clinic. 🏥💜
17/03/2026,,Morning,Clinic_Double_pet_parents_Mar26,"Appointment Completed, 30_min_delivery",Tag a spa buddy 🐾,"Bring {your pet} along with a new floof friend. Avail buy 1 & get 1 FREE on grooming, only at Supertails+ Clinic. 🏥💜"
17/03/2026,,Morning,N2B_All_Bangalore,"Appointment Completed, 30_min_delivery",First vet visit unlocked 🐾,Start {your pet}'s care journey right. Visit Supertails+ Clinic & save ₹500 on your clinic bill. 🏥💜
18/03/2026,,Morning,Rajaji_Nagar_n2b_15km,,You blink & we'll be here🫡🏥,{Your pet}'s stress-free zone is coming closer. Get ready to experience expert consultation by Fear-Free certified vets. See you soon!🐾💜
18/03/2026,,Morning,Clinic_KN_Mar'26,,"Fresh fur time! 🐶
",It’s the perfect day for a fluff refresh. Enjoy 50% OFF grooming at Supertails+ Clinic. 🏥💜
18/03/2026,,Morning,Clinic_Birthday,,Someone’s birthday energy is showing 🎉,Make {your pet}’s birthday month extra memorable. Get 50% OFF grooming at our clinic. 🏥💜
18/03/2026,,Morning,Clinic_Skin_N2B_Mar'26,Appointment Completed,Itch-free skin is {your pet}'s demand!✋✅,"Get {your pet} to your nearest Supertails+ Clinic for a FREE skin & coat checkup. Fresh fur, happy floof!🐶🐱"
18/03/2026,,Morning,Clinic_Double_pet_parents_Mar26,Appointment Completed,Spa for {your pet} is gonna be TWO much fun! 🎀,Cause you can tag along a new floof to your nearest Supertails+ Clinic & avail buy 1 get 1 FREE on grooming.🐾💜
18/03/2026,,Morning,N2B_All_Bangalore,Appointment Completed,Your pet’s clinic debut 🎬🐾,"Make their first visit smooth and stress-free.
Walk in today and get ₹500 OFF your clinic bill. 🏥💜"
19/03/2026,,Morning,Rajaji_Nagar_n2b_15km,30_min_delivery,"Rajaji Nagar, we’re landing soon 👀","Supertails+ Clinic opens on the 21st. Book vet consults, grooming & more near you."
19/03/2026,,Morning,Clinic_KN_Mar'26,30_min_delivery,For Kalyan Nagar pets🐾,Supertails+ Clinic is now open near you. Walk in or book a grooming session for {your pet} today at 50% off.
19/03/2026,,Morning,Clinic_Birthday,30_min_delivery,It’s {your pet}'s birthday. Spa time 🎉,Celebrate with 50% off grooming. Make your pet’s birthday extra special.
19/03/2026,,Morning,Clinic_Dental_N2B_Mar'26,"Appointment Completed, 30_min_delivery",That breath needs a meeting 🦷,Get a FREE dental checkup for your pet at Supertails+ Clinic. Book now.🏥💜
19/03/2026,,Morning,Clinic_Double_pet_parents_Mar26,"Appointment Completed, 30_min_delivery","If One is good, Two will be better🛁",Bring a new pet parent & get Buy 1 Get 1 FREE grooming at your nearest Supertails+ Clinic.🏥💜
19/03/2026,,Morning,N2B_All_Bangalore,"Appointment Completed, 30_min_delivery","First vet visit = instant upgrade ✨
",Get ₹500 OFF on your first clinic visit. Book a vet consult or grooming today at your nearest Supertails+ Clinic.🏥💜
20/03/2026,,Morning,Rajaji_Nagar_n2b_15km,20March_Eid_Cohort_1,New clinic drop in Rajajinagar 🐾,"Launching on 21st! Stress-free vet care, grooming & diagnostics are now coming closer to {your pet}.🏥💜"
20/03/2026,,Morning,Clinic_KN_Mar'26,20March_Eid_Cohort_1,Your pet’s new hangout spot 😎,"Supertails+ Clinic is live in Kalyan Nagar. Visit for grooming at 50% off, vet care, diagnostics & more.🏥💜"
20/03/2026,,Morning,Clinic_Birthday,20March_Eid_Cohort_1,Birthday drip > regular drip 🎂,Flat 50% OFF grooming for {your pet}’s birthday. Book their special day only at Supertails+ Clinic.🏥💜
20/03/2026,,Morning,Clinic_Gut_N2B_Mar'26,"Appointment Completed, 20March_Eid_Cohort_1",Listen to what {your pet}'s gut says😬,Drop by your nearest Supertails+ Clinic for {your pet}'s FREE gut health checkup. 🏥💜
20/03/2026,,Morning,Clinic_Double_pet_parents_Mar26,"Appointment Completed, 20March_Eid_Cohort_1","Bring a friend, both pets win 🐶",Get B1G1 FREE grooming when you bring a new pet parent along. Limited-time deal.🏥💜
20/03/2026,,Morning,N2B_All_Bangalore,"Appointment Completed, 20March_Eid_Cohort_1",New here? Big perk unlocked 🎁,"Enjoy ₹500 OFF on {your pet}'s first clinic visit. Vet consults, grooming & more, only at Supertails+ Clinic.🏥💜"
20/03/2026,,Evening,Rajaji_Nagar_n2b_15km,"20March_Eid_Cohort_1, 30_min_delivery",It's time to spoil {your pet}!,"Supertails+ Clinic launches on the 21st. Premium care, grooming & more near you.🏥💜"
20/03/2026,,Evening,Clinic_KN_Mar'26,"20March_Eid_Cohort_1, 30_min_delivery","Pets are doing better here, already 🐶","Supertails+ Clinic is now open. Drop by for {your pet}'s grooming & save 50. Try stress-free vet consults, diagnostics & more.🏥💜"
20/03/2026,,Evening,Clinic_Birthday,"20March_Eid_Cohort_1, 30_min_delivery",Cake? Cool. Grooming? Better 🎂,"Celebrate your pet’s birthday with 50% OFF grooming, only at Supertails+ Clinic.🏥💜"
20/03/2026,,Evening,Clinic_Skin_N2B_Mar'26,"20March_Eid_Cohort_1, Appointment Completed, 30_min_delivery",{your pet} scratching again? 👀,"Hey {pet parent}, if that itch isn’t going away, it’s time to check. Get a FREE skin checkup at Supertails+ Clinic.🏥💜"
20/03/2026,,Evening,Clinic_Double_pet_parents_Mar26,"20March_Eid_Cohort_1, Appointment Completed, 30_min_delivery",Two pets. One chaos system. 😵‍💫,"{pet parent}, bring a fellow pet parent along and turn grooming day into a duo win. Unlock Buy 1 Get 1 FREE grooming.🏥💜"
20/03/2026,,Evening,N2B_All_Bangalore,"20March_Eid_Cohort_1, Appointment Completed, 30_min_delivery",{your pet} deserves better tbh🐾,"If you’ve never tried us, now’s the time. Get ₹500 OFF on {your pet}'s first clinic visit across services.🏥💜"
21/03/2026,,Morning,Rajaji_Nagar_n2b_15km,"Eid_Cx_no_orders_list, 30_min_delivery",The day has finally come!🐾,"We’re launching our new Supertails+ Clinic in Rajajinagar today! Vet care, grooming & more...finally closer to {your pet}.🏥💜"
21/03/2026,,Morning,Clinic_KN_Mar'26,"Eid_Cx_no_orders_list, 30_min_delivery",Kalyan Nagar = glow-up zone ✨,"{pet parent}, your new go-to vet clinic is here. Drop in for calm care, plus enjoy 50% off on grooming.🏥💜"
21/03/2026,,Morning,Clinic_Birthday,"Eid_Cx_no_orders_list, 30_min_delivery","{your pet}’s big day, no excuses 🎂","{Your pet}'s, birthdays deserve more than treats. Celebrate with 50% OFF grooming at Supertails+ Clinic.🏥💜"
21/03/2026,,Morning,Clinic_Gut_N2B_Mar'26,"Eid_Cx_no_orders_list, Appointment Completed, 30_min_delivery",Tummy acting sus again? 🤨,"{pet parent}, if {your pet}’s digestion feels off, don’t ignore it. Get a FREE gut health checkup today.🏥💜"
21/03/2026,,Morning,Clinic_Double_pet_parents_Mar26,"Eid_Cx_no_orders_list, Appointment Completed, 30_min_delivery",Bring a +1. Both pets win 🐶,"Hey {pet parent}, come with a new pet parent & turn grooming into a B1G1 FREE moment for both your pets.🏥💜"
21/03/2026,,Morning,N2B_All_Bangalore,"Eid_Cx_no_orders_list, Appointment Completed, 30_min_delivery",First visit energy = unmatched 👀,"{pet parent}, start strong with Supertails+ Clinic. Get ₹500 OFF on your first visit for {your pet}.🏥💜"
22/03/2026,,Morning,Rajaji_Nagar_n2b_15km,,{your pet} called dibs 🐾,"Hey {pet parent}, Supertails+ Clinic is now open in Rajajinagar. Walk in for vet consults, grooming & everything {your pet} needs @25% off.🏥💜"
22/03/2026,,Morning,Clinic_KN_Mar'26,,Still haven’t visited? 👀,"{pet parent}, your nearby clinic is waiting. Drop by for grooming & care, plus enjoy 50% off grooming.🏥💜"
22/03/2026,,Morning,Clinic_Birthday,,No basic birthdays allowed 🎉,"Hey {pet parent}, upgrade {your pet}’s special day with 50% OFF grooming at Supertails+ Clinic.🏥💜"
22/03/2026,,Morning,Clinic_Dental_N2B_Mar'26,Appointment Completed,That breath… we need to talk 😬,"{pet parent}, if {your pet}’s dental health feels off, get a FREE dental checkup at Supertails+ Clinic.🏥💜"
22/03/2026,,Morning,Clinic_Double_pet_parents_Mar26,Appointment Completed,Double pets = double flex 😌,"Hey {pet parent}, bring a new pet parent along & enjoy Buy 1 Get 1 FREE grooming at our clinic.🏥💜"
22/03/2026,,Morning,N2B_All_Bangalore,Appointment Completed,First vet visit needs a strong start!✨,"{pet parent}, choose Supertails+ Clinic for calm care. Get ₹500 OFF on your first visit for {your pet}.🏥💜"
23/03/2026,,Morning,Rajaji_Nagar_n2b_15km,lapser remove,Monday blues? {your pet} said no 🐾,"Hey {pet parent}, let’s start the week on a better note. Drop by Supertails+ Clinic, Rajajinagar with {your pet} & get 25% OFF all clinic services. 🏥💜"
23/03/2026,,Morning,Clinic_KN_Mar'26,lapser remove,"Fresh week, fresher floof ✂️✨",New week = new look for {your pet}. Visit Supertails+ Clinic & get 50% OFF grooming in Kalyan Nagar. 🏥💜
23/03/2026,,Morning,Clinic_Birthday,lapser remove,Birthday month glow-up pending 🎉,"Hey {pet parent}, {your pet} deserves extra pampering this month. Celebrate with 50% OFF grooming at Supertails+ Clinic. 🏥💜"
23/03/2026,,Morning,Clinic_Dental_N2B_Mar'26,"Appointment Completed, lapser remove",Morning breath check? 👀🦷,"{pet parent}, plaque builds up quietly over time. Bring {your pet} for a FREE dental checkup at Supertails+ Clinic. 🏥💜"
23/03/2026,,Morning,Clinic_Double_pet_parents_Mar26,"Appointment Completed, lapser remove","Double floof, double chaos 🐾🐾",Got a fellow pet parent friend? Bring both floofs & enjoy Buy 1 Get 1 FREE grooming at Supertails+ Clinic. 🏥💜
23/03/2026,,Morning,N2B_All_Bangalore,"Appointment Completed, lapser remove","New week, new pet parent era 🐾","Hey {pet parent}, start {your pet}’s care journey right. Visit Supertails+ Clinic & save ₹500 on your clinic bill. 🏥💜"
23/03/2026,,Evening,Rajaji_Nagar_n2b_15km,"30_min_delivery, lapser remove",After-work plans = vet visit?🐾🩺,Let's make it stress-free. Visit with {your pet} & enjoy 25% OFF all clinic services. 🏥💜
23/03/2026,,Evening,Clinic_KN_Mar'26,"30_min_delivery, lapser remove",{your pet} needs fluff refresh🥰🐾,Wrap the day with freshness. Get 50% OFF grooming for {your pet} at Supertails+ Clinic. 🏥💜
23/03/2026,,Evening,Clinic_Birthday_Mar26,"30_min_delivery, lapser remove",{your pet}'s B'day month gotta be🔥🫶,Don’t let the celebrations stop yet. Pamper {your pet} with 50% OFF grooming at our clinic. 🏥💜
23/03/2026,,Evening,Clinic_Dental_N2B_Mar'26,"Appointment Completed, 30_min_delivery, lapser remove",Your CEO's breath is deadly!😷🐾,"The Chief Eating Officer, {your pet}, needs to have fresh breath. Drop by & get a FREE dental checkup today.🏥💜"
23/03/2026,,Evening,Clinic_Double_pet_parents_Mar26,"Appointment Completed, 30_min_delivery, lapser remove",Bring a +1… for your pet 🐾✨,Make it a duo spa day. Bring {your pet} + a new friend’s floof & get 1 FREE grooming at Supertails+ Clinic. 🏥💜
23/03/2026,,Evening,N2B_All_Bangalore,"Appointment Completed, 30_min_delivery, lapser remove",Adulting for {your pet} starts now 🐾,"First vet visit made easy, {pet parent}. Walk in & get ₹500 OFF your clinic bill today. 🏥💜"
24/03/2026,,Morning,Rajaji_Nagar_n2b_15km,"lapser remove, 30_min_delivery",Tuesday = let’s fix things day 🐾,"{pet parent}, small health checks go a long way. Visit Supertails+ Clinic & get 25% OFF all services. 🏥💜"
24/03/2026,,Morning,Clinic_KN_Mar'26,"lapser remove, 30_min_delivery",Midweek fluff check ✂️🐶,Is {your pet} looking a little too “home mode”? Bring them in for 50% OFF grooming today. 🏥💜
24/03/2026,,Morning,Clinic_Birthday,"lapser remove, 30_min_delivery","{pet parent}, celebrations aren’t done yet🎉",It's still {your pet}'s birthday month. Get 50% OFF grooming for {your pet} at Supertails+ Clinic. 🏥💜
24/03/2026,,Morning,Clinic_Dental_N2B_Mar'26,"Appointment Completed, lapser remove, 30_min_delivery",{your pet}'s gums = no crumbs🪥🦷,"{pet parent}, early checks prevent bigger issues. Visit for a FREE dental checkup for {your pet}. 🏥💜"
24/03/2026,,Morning,Clinic_Double_pet_parents_Mar26,"Appointment Completed, lapser remove, 30_min_delivery",Two floofs = double the drama 🐾🎭,Bring your floof + a friend’s. Book 1 grooming & get 1 FREE at our clinic. 🏥💜
24/03/2026,,Morning,N2B_All_Bangalore,"Appointment Completed, lapser remove, 30_min_delivery",{your pet}: “We go vet today?” 👀,"Start right, {pet parent}. Visit Supertails+ Clinic & get ₹500 OFF your bill. 🏥💜"
25/03/2026,,Evening,Rajaji_Nagar_n2b_15km,,Traffic jam? But Vet visit > 🚗😮‍💨,"Skip the chaos, {pet parent}. Get 25% OFF all clinic services at Supertails+. 🏥💜"
25/03/2026,,Evening,Clinic_KN_Mar'26,,That “kaafi time ho gaya” look 🐶✂️,Fluff reset time. Enjoy 25% OFF grooming for {your pet} today. 🏥💜
25/03/2026,,Evening,Clinic_Birthday,,{your pet} still in birthday mood btw 🎉,"Make it count, {pet parent}. Get 50% OFF grooming at Supertails+ Clinic. 🏥💜"
25/03/2026,,Evening,Clinic_Dental_N2B_Mar'26,Appointment Completed,That yawn exposed everything 👀🦷,Plaque builds up quietly. Get a FREE dental check for {your pet} today. 🏥💜
25/03/2026,,Evening,Clinic_Double_pet_parents_Mar26,Appointment Completed,“Bring your friend” but make it floofs 🐾👯,"Two pets, one plan. Book 1 grooming & get 1 FREE at our clinic. 🏥💜"
25/03/2026,,Evening,N2B_All_Bangalore,Appointment Completed,You + {your pet} = first clinic arc 🐾📖,"Make it smooth, {pet parent}. Visit today & get ₹500 OFF your clinic bill. 🏥💜"
,,,Rajaji_Nagar_n2b_15km,,,
,,,Clinic_KN_Mar'26,,,
,,,Clinic_Birthday,,,
,,,Clinic_Dental_N2B_Mar'26,Appointment Completed,,
,,,Clinic_Double_pet_parents_Mar26,Appointment Completed,,
,,,N2B_All_Bangalore,Appointment Completed,,
,,,Rajaji_Nagar_n2b_15km,,,
,,,Clinic_KN_Mar'26,,,
,,,Clinic_Birthday,,,
,,,Clinic_Dental_N2B_Mar'26,Appointment Completed,,
,,,Clinic_Double_pet_parents_Mar26,Appointment Completed,,
,,,N2B_All_Bangalore,Appointment Completed,,
,,,Rajaji_Nagar_n2b_15km,,,
,,,Clinic_KN_Mar'26,,,
,,,Clinic_Birthday,,,
,,,Clinic_Dental_N2B_Mar'26,Appointment Completed,,
,,,Clinic_Double_pet_parents_Mar26,Appointment Completed,,
,,,N2B_All_Bangalore,Appointment Completed,,
